game_id,play_id,season,week,season_type,qtr,down,ydstogo,game_seconds_remaining,score_differential,posteam,defteam,play_type,desc,is_sack,win_probability_before,win_probability_after,wp_delta_offense,wp,def_wp,home_wp,away_wp,wpa
2016_01_BUF_BAL,2726,2016,1,REG,4,3,10,806,3,BAL,BUF,pass,(13:26) (Shotgun) 5-J.Flacco sacked at BAL 22 for -8 yards (55-J.Hughes).,true,0.702613532543182,0.6301433444023129,-0.07247018814086914,0.702613532543182,0.297386467456818,0.702613532543182,0.297386467456818,-0.0724701881408691
2016_01_BUF_BAL,3069,2016,1,REG,4,3,8,496,3,BAL,BUF,pass,(8:16) (Shotgun) 5-J.Flacco sacked at BUF 27 for -6 yards (91-L.Douzable).,true,0.843259751796722,0.8042264580726619,-0.03903329372406006,0.843259751796722,0.156740248203278,0.843259751796722,0.156740248203278,-0.0390332937240601
2016_01_BUF_BAL,3195,2016,1,REG,4,3,7,385,3,BAL,BUF,pass,"(6:25) (No Huddle, Shotgun) 5-J.Flacco sacked at BUF 19 for -9 yards (sack split by 57-L.Alexander and 91-L.Douzable).",true,0.887678682804108,0.8461162447929386,-0.041562438011169434,0.887678682804108,0.112321317195892,0.887678682804108,0.112321317195892,-0.0415624380111694
2016_01_BUF_BAL,3337,2016,1,REG,4,3,6,293,-6,BUF,BAL,pass,"(4:53) (Shotgun) 5-T.Taylor sacked at BUF 14 for -12 yards (55-T.Suggs). Penalty on BUF-70-E.Wood, Offensive Holding, declined.",true,0.171227484941483,0.10051204264164018,-0.0707154422998428,0.171227484941483,0.828772515058518,0.828772515058518,0.171227484941483,-0.0707154422998428
2016_01_CAR_DEN,3503,2016,1,REG,4,3,7,216,1,DEN,CAR,pass,(3:36) (Shotgun) 13-T.Siemian sacked at DEN 18 for -10 yards (33-T.Boston).,true,0.683804094791412,0.5966544747352597,-0.08714962005615234,0.683804094791412,0.316195905208588,0.683804094791412,0.316195905208588,-0.0871496200561523
2016_01_CAR_DEN,3597,2016,1,REG,4,1,15,186,-1,CAR,DEN,pass,(3:06) (Shotgun) 1-C.Newton sacked at CAR 30 for -5 yards (sack split by 51-T.Davis and 94-D.Ware).,true,0.424546599388123,0.397567212581635,-0.02697938680648798,0.424546599388123,0.575453400611877,0.575453400611877,0.424546599388123,-0.026979386806488
2016_01_CAR_DEN,3637,2016,1,REG,4,3,15,135,-1,CAR,DEN,pass,(2:15) (Shotgun) 1-C.Newton sacked at CAR 29 for -6 yards (58-V.Miller).,true,0.349309682846069,0.2701945602893826,-0.0791151225566864,0.349309682846069,0.650690317153931,0.650690317153931,0.349309682846069,-0.0791151225566864
2016_01_CHI_HOU,3281,2016,1,REG,4,3,6,584,-6,CHI,HOU,pass,"(9:44) (Shotgun) 6-J.Cutler sacked at CHI 36 for -9 yards (59-W.Mercilus). FUMBLES (59-W.Mercilus) [59-W.Mercilus], and recovers at CHI 36. 6-J.Cutler to CHI 36 for no gain (90-J.Clowney).",true,0.188987880945206,0.1231055334210399,-0.0658823475241661,0.188987880945206,0.811012119054794,0.811012119054794,0.188987880945206,-0.0658823475241661
2016_01_CIN_NYJ,3268,2016,1,REG,4,2,4,594,1,CIN,NYJ,pass,(9:54) (Shotgun) 14-A.Dalton sacked at NYJ 34 for -8 yards (92-L.Williams).,true,0.68519788980484,0.5944277644157409,-0.09077012538909912,0.68519788980484,0.31480211019516,0.31480211019516,0.68519788980484,-0.0907701253890991
2016_01_GB_JAX,3295,2016,1,REG,4,1,10,712,-7,JAX,GB,pass,(11:52) 5-B.Bortles sacked at JAX 23 for -8 yards (42-M.Burnett).,true,0.209714442491531,0.16312190890312162,-0.046592533588409396,0.209714442491531,0.790285557508469,0.209714442491531,0.790285557508469,-0.0465925335884094
2016_01_GB_JAX,3617,2016,1,REG,4,3,11,362,-7,JAX,GB,pass,(6:02) (Shotgun) 5-B.Bortles sacked at GB 32 for -2 yards (53-N.Perry).,true,0.186140596866608,0.1415653824806217,-0.0445752143859863,0.186140596866608,0.813859403133392,0.186140596866608,0.813859403133392,-0.0445752143859863
2016_01_MIA_SEA,3186,2016,1,REG,4,3,7,681,-3,MIA,SEA,pass,(11:21) (Shotgun) 17-R.Tannehill sacked at SEA 9 for -2 yards (50-K.Wright).,true,0.510738015174866,0.44308099150657676,-0.06765702366828918,0.510738015174866,0.489261984825134,0.489261984825134,0.510738015174866,-0.0676570236682892
2016_01_MIA_SEA,4060,2016,1,REG,4,2,10,20,-2,MIA,SEA,pass,"(:20) (Shotgun) 17-R.Tannehill sacked at MIA 9 for -9 yards (91-C.Marsh). FUMBLES (91-C.Marsh), ball out of bounds at MIA 11. Ball marked on the 9 because fumble forward not allowed.",true,0.154435828328133,0.09143243730068239,-0.0630033910274506,0.154435828328133,0.845564171671867,0.845564171671867,0.154435828328133,-0.0630033910274506
2016_01_MIA_SEA,4109,2016,1,REG,4,3,19,0,-2,MIA,SEA,pass,(:00) (Shotgun) 17-R.Tannehill sacked at MIA 1 for -8 yards (56-C.Avril).,true,0.0914324373006821,0,-0.0914324373006821,0.0914324373006821,0.908567562699318,0.908567562699318,0.0914324373006821,-0.0914324373006821
2016_01_NE_ARI,3518,2016,1,REG,4,1,10,586,-1,NE,ARI,pass,(9:46) 10-J.Garoppolo sacked at NE 20 for -5 yards (55-C.Jones).,true,0.4621342420578,0.4080787003040311,-0.05405554175376892,0.4621342420578,0.5378657579422,0.5378657579422,0.4621342420578,-0.0540555417537689
2016_01_SD_KC,4142,2016,1,REG,4,1,10,53,0,LAC,KC,pass,"(:53) (Shotgun) 17-P.Rivers sacked at LAC 27 for -10 yards (55-D.Ford). Penalty on LAC-77-K.Dunlap, Offensive Holding, declined.",true,0.599655985832214,0.5121049880981442,-0.08755099773406982,0.599655985832214,0.400344014167786,0.400344014167786,0.599655985832214,-0.0875509977340698
2016_02_BAL_CLE,3532,2016,2,REG,4,2,13,573,-2,CLE,BAL,pass,(9:33) (Shotgun) 13-J.McCown sacked at CLE 35 for -6 yards (78-M.Pierce).,true,0.440575510263443,0.4005877077579498,-0.03998780250549322,0.440575510263443,0.559424489736557,0.440575510263443,0.559424489736557,-0.0399878025054932
2016_02_DAL_WAS,3121,2016,2,REG,4,1,10,900,-3,DAL,WAS,pass,(15:00) 4-D.Prescott sacked at DAL 25 for -5 yards (93-T.Murphy).,true,0.366958558559418,0.31459942460060153,-0.05235913395881647,0.366958558559418,0.633041441440582,0.633041441440582,0.366958558559418,-0.0523591339588165
2016_02_DAL_WAS,3503,2016,2,REG,4,2,9,432,-3,DAL,WAS,no_play,"(7:12) (Shotgun) 4-D.Prescott sacked at WAS 37 for -9 yards (91-R.Kerrigan). PENALTY on WAS-24-J.Norman, Illegal Use of Hands, 5 yards, enforced at WAS 28 - No Play.",true,0.486821204423904,0.5253514647483821,0.03853026032447815,0.486821204423904,0.513178795576096,0.513178795576096,0.486821204423904,0.0385302603244782
2016_02_DAL_WAS,3972,2016,2,REG,4,3,7,106,4,DAL,WAS,pass,(1:46) 4-D.Prescott sacked at WAS 42 for -2 yards (30-D.Bruton).,true,0.916321158409119,0.9230982065200809,0.006777048110961914,0.916321158409119,0.0836788415908814,0.0836788415908814,0.916321158409119,0.00677704811096191
2016_02_DAL_WAS,4055,2016,2,REG,4,2,2,85,-4,WAS,DAL,pass,(1:25) (Shotgun) 8-K.Cousins sacked at WAS 10 for -8 yards (98-T.Crawford).,true,0.235889077186584,0.119973875582218,-0.115915201604366,0.235889077186584,0.764110922813416,0.235889077186584,0.764110922813416,-0.115915201604366
2016_02_GB_MIN,3342,2016,2,REG,4,1,10,420,-3,GB,MIN,pass,"(7:00) (No Huddle, Shotgun) 12-A.Rodgers sacked at MIN 46 for -6 yards (96-B.Robison). FUMBLES (96-B.Robison), RECOVERED by MIN-93-S.Stephen at MIN 44. 93-S.Stephen to MIN 44 for no gain (73-J.Tretter).",true,0.458757787942886,0.181460499763488,-0.277297288179398,0.458757787942886,0.541242212057114,0.541242212057114,0.458757787942886,-0.277297288179398
2016_02_GB_MIN,3439,2016,2,REG,4,3,11,335,3,MIN,GB,pass,(5:35) (Shotgun) 8-S.Bradford sacked at MIN 46 for -9 yards (sack split by 56-J.Peppers and 53-N.Perry).,true,0.767702043056488,0.7000114321708679,-0.06769061088562012,0.767702043056488,0.232297956943512,0.767702043056488,0.232297956943512,-0.0676906108856201
2016_02_GB_MIN,3638,2016,2,REG,4,1,10,153,-3,GB,MIN,pass,(2:33) (Shotgun) 12-A.Rodgers sacked at GB 45 for -4 yards (98-L.Joseph).,true,0.386792600154877,0.30590009689331077,-0.08089250326156622,0.386792600154877,0.613207399845123,0.613207399845123,0.386792600154877,-0.0808925032615662
2016_02_IND_DEN,4047,2016,2,REG,4,1,10,111,-6,IND,DEN,pass,"(1:51) (Shotgun) 12-A.Luck sacked at IND 15 for -10 yards (58-V.Miller). FUMBLES (58-V.Miller) [58-V.Miller], RECOVERED by DEN-56-S.Ray at IND 15. 56-S.Ray for 15 yards, TOUCHDOWN.",true,0.160326048731804,0.006799498727312003,-0.153526550004492,0.160326048731804,0.839673951268196,0.839673951268196,0.160326048731804,-0.153526550004492
2016_02_NO_NYG,3431,2016,2,REG,4,3,10,478,-3,NO,NYG,no_play,"(7:58) (Shotgun) 9-D.Brees sacked at NO 36 for -10 yards (54-O.Vernon). Penalty on NYG-78-R.Okwara, Defensive Offside, offsetting, enforced at NO 46 - No Play. Penalty on NO-72-T.Armstead, Offensive Holding, offsetting.",true,0.307111859321594,0.307111859321594,0,0.307111859321594,0.692888140678406,0.692888140678406,0.307111859321594,0
2016_02_SEA_LA,3182,2016,2,REG,4,1,10,704,6,LA,SEA,pass,(11:44) 17-C.Keenum sacked at SEA 42 for -9 yards (72-M.Bennett).,true,0.879461705684662,0.8457720875740052,-0.03368961811065674,0.879461705684662,0.120538294315338,0.879461705684662,0.120538294315338,-0.0336896181106567
2016_02_SEA_LA,3225,2016,2,REG,4,3,17,624,6,LA,SEA,pass,(10:24) (Shotgun) 17-C.Keenum sacked at SEA 41 for -1 yards (55-F.Clark).,true,0.840679883956909,0.8090555071830747,-0.03162437677383423,0.840679883956909,0.159320116043091,0.840679883956909,0.159320116043091,-0.0316243767738342
2016_02_SEA_LA,3737,2016,2,REG,4,3,13,159,6,LA,SEA,no_play,"(2:39) (Shotgun) 17-C.Keenum sacked at LA 25 for -13 yards (91-C.Marsh). PENALTY on SEA-91-C.Marsh, Face Mask (15 Yards), 15 yards, enforced at LA 38 - No Play.",true,0.879855990409851,0.9362897872924804,0.056433796882629395,0.879855990409851,0.120144009590149,0.879855990409851,0.120144009590149,0.0564337968826294
2016_02_TEN_DET,3438,2016,2,REG,4,1,10,763,5,DET,TEN,pass,(12:43) (Shotgun) 9-M.Stafford sacked at 50 for -6 yards (97-K.Klug).,true,0.832546293735504,0.8041632175445556,-0.028383076190948486,0.832546293735504,0.167453706264496,0.832546293735504,0.167453706264496,-0.0283830761909485
2016_02_TEN_DET,4169,2016,2,REG,4,,0,73,1,TEN,DET,pass,(Pass formation) TWO-POINT CONVERSION ATTEMPT. 8-M.Mariota is sacked. ATTEMPT FAILS.,true,0.581319940328598,0.4971746802330017,-0.08414526009559631,0.581319940328598,0.418680059671402,0.418680059671402,0.581319940328598,-0.0841452600955963
2016_02_TEN_DET,4224,2016,2,REG,4,2,10,69,-1,DET,TEN,pass,(1:09) (Shotgun) 9-M.Stafford sacked at DET 16 for -9 yards (98-B.Orakpo).,true,0.462292641401291,0.346626847982407,-0.115665793418884,0.462292641401291,0.537707358598709,0.462292641401291,0.537707358598709,-0.115665793418884
2016_03_BAL_JAX,3273,2016,3,REG,4,1,10,667,-2,JAX,BAL,pass,(11:07) 5-B.Bortles sacked at JAX 29 for -2 yards (55-T.Suggs).,true,0.465033739805222,0.421768426895142,-0.04326531291008001,0.465033739805222,0.534966260194778,0.465033739805222,0.534966260194778,-0.04326531291008
2016_03_BAL_JAX,3292,2016,3,REG,4,2,12,625,-2,JAX,BAL,pass,(10:25) (Shotgun) 5-B.Bortles sacked at JAX 21 for -8 yards (99-T.Jernigan).,true,0.421768426895142,0.3797435462474827,-0.0420248806476593,0.421768426895142,0.578231573104858,0.421768426895142,0.578231573104858,-0.0420248806476593
2016_03_BAL_JAX,3827,2016,3,REG,4,3,6,190,1,JAX,BAL,pass,(3:10) (Shotgun) 5-B.Bortles sacked at BAL 34 for -9 yards (93-L.Guy).,true,0.81167072057724,0.7156105041503906,-0.09606021642684937,0.81167072057724,0.18832927942276,0.81167072057724,0.18832927942276,-0.0960602164268494
2016_03_BAL_JAX,4168,2016,3,REG,4,2,4,43,-2,JAX,BAL,pass,(:43) (Shotgun) 5-B.Bortles sacked at JAX 24 for -7 yards (55-T.Suggs).,true,0.368579983711243,0.24410000443458602,-0.124479979276657,0.368579983711243,0.631420016288757,0.368579983711243,0.631420016288757,-0.124479979276657
2016_03_CLE_MIA,4356,2016,3,REG,4,2,1,26,0,MIA,CLE,pass,"(:26) (Shotgun) 17-R.Tannehill sacked at MIA 27 for -8 yards (52-C.Lemonier). FUMBLES (52-C.Lemonier) [52-C.Lemonier], RECOVERED by CLE-52-C.Lemonier at MIA 27. 52-C.Lemonier to MIA 27 for no gain (70-J.James).",true,0.594716310501099,0.238783597946167,-0.355932712554932,0.594716310501099,0.405283689498901,0.594716310501099,0.405283689498901,-0.355932712554932
2016_03_DEN_CIN,3192,2016,3,REG,4,1,10,694,-1,DEN,CIN,pass,(11:34) 13-T.Siemian sacked at DEN 43 for -3 yards (93-W.Clarke).,true,0.49758580327034,0.4518059492111206,-0.045779854059219416,0.49758580327034,0.50241419672966,0.50241419672966,0.49758580327034,-0.0457798540592194
2016_03_LA_TB,3314,2016,3,REG,4,3,6,716,-4,TB,LA,pass,"(11:56) (Shotgun) 3-J.Winston sacked at LA 23 for -10 yards (94-R.Quinn). FUMBLES (94-R.Quinn) [92-C.Thomas], RECOVERED by LA-93-E.Westbrooks at LA 23. 93-E.Westbrooks for 77 yards, TOUCHDOWN.",true,0.526857912540436,0.110795549499215,-0.416062363041221,0.526857912540436,0.473142087459564,0.526857912540436,0.473142087459564,-0.416062363041221
2016_03_OAK_TEN,3531,2016,3,REG,4,1,10,362,-7,TEN,LV,pass,(6:02) (Shotgun) 8-M.Mariota sacked at TEN 24 for -2 yards (sack split by 96-D.Autry and 91-S.Calhoun).,true,0.179063349962235,0.1529746353626256,-0.026088714599609403,0.179063349962235,0.820936650037766,0.179063349962235,0.820936650037766,-0.0260887145996094
2016_03_SD_IND,3350,2016,3,REG,4,3,4,504,-1,LAC,IND,pass,(8:24) (Shotgun) 17-P.Rivers sacked at IND 9 for -5 yards (93-E.Walden).,true,0.613458156585693,0.5339872241020199,-0.0794709324836731,0.613458156585693,0.386541843414307,0.386541843414307,0.613458156585693,-0.0794709324836731
2016_04_CAR_ATL,4047,2016,4,REG,4,2,8,108,8,ATL,CAR,pass,(1:48) (Shotgun) 2-M.Ryan sacked at ATL 19 for -8 yards (99-K.Short).,true,0.984896540641785,0.9807460308074955,-0.004150509834289551,0.984896540641785,0.0151034593582153,0.984896540641785,0.0151034593582153,-0.00415050983428955
2016_04_CLE_WAS,3306,2016,4,REG,4,1,10,534,4,WAS,CLE,pass,(8:54) (No Huddle) 8-K.Cousins sacked at CLE 40 for -8 yards (57-C.Johnson).,true,0.831112504005432,0.8292781710624694,-0.0018343329429626465,0.831112504005432,0.168887495994568,0.831112504005432,0.168887495994568,-0.00183433294296265
2016_04_CLE_WAS,3364,2016,4,REG,4,3,18,479,4,WAS,CLE,pass,(7:59) (Shotgun) 8-K.Cousins sacked at 50 for -10 yards (20-B.Boddy-Calhoun).,true,0.796621382236481,0.7450844645500186,-0.0515369176864624,0.796621382236481,0.203378617763519,0.796621382236481,0.203378617763519,-0.0515369176864624
2016_04_IND_JAX,4605,2016,4,REG,4,2,8,19,-3,IND,JAX,pass,(:19) (Shotgun) 12-A.Luck sacked at IND 17 for -3 yards (99-S.Marks).,true,0.0763909742236137,0.06863266974687572,-0.007758304476737976,0.0763909742236137,0.923609025776386,0.923609025776386,0.0763909742236137,-0.00775830447673798
2016_04_LA_ARI,3563,2016,4,REG,4,3,6,340,3,ARI,LA,pass,"(5:40) (Shotgun) 3-C.Palmer sacked at ARI 30 for -9 yards (sack split by 99-A.Donald and 97-E.Sims). Penalty on ARI-76-M.Iupati, Offensive Holding, declined.",true,0.784766554832459,0.663034617900849,-0.12173193693161,0.784766554832459,0.215233445167542,0.784766554832459,0.215233445167542,-0.12173193693161
2016_04_NO_SD,4244,2016,4,REG,4,1,10,117,-1,LAC,NO,pass,(1:57) (Shotgun) 17-P.Rivers sacked at LAC 20 for -5 yards (90-N.Fairley).,true,0.514948427677155,0.4667320549488072,-0.04821637272834778,0.514948427677155,0.485051572322846,0.514948427677155,0.485051572322846,-0.0482163727283478
2016_04_OAK_BAL,3313,2016,4,REG,4,3,6,897,-2,BAL,LV,pass,"(14:57) (Shotgun) 5-J.Flacco sacked at BAL 30 for -8 yards (51-B.Irvin). FUMBLES (51-B.Irvin) [51-B.Irvin], RECOVERED by LV-96-D.Autry at BAL 29. 96-D.Autry to BAL 29 for no gain (66-R.Jensen).",true,0.457937389612198,0.271664261817932,-0.18627312779426597,0.457937389612198,0.542062610387802,0.457937389612198,0.542062610387802,-0.186273127794266
2016_05_CHI_IND,3310,2016,5,REG,4,3,8,765,3,IND,CHI,pass,(12:45) (Shotgun) 12-A.Luck sacked at IND 22 for -5 yards (97-W.Young).,true,0.694684267044067,0.6301433444023128,-0.06454092264175426,0.694684267044067,0.305315732955933,0.694684267044067,0.305315732955933,-0.0645409226417542
2016_05_PHI_DET,3005,2016,5,REG,4,3,7,770,1,DET,PHI,pass,(12:50) (Shotgun) 9-M.Stafford sacked at PHI 47 for -9 yards (75-V.Curry).,true,0.678162038326263,0.5933424830436702,-0.08481955528259277,0.678162038326263,0.321837961673737,0.678162038326263,0.321837961673737,-0.0848195552825928
2016_05_PHI_DET,3186,2016,5,REG,4,2,2,577,-1,PHI,DET,pass,(9:37) (Shotgun) 11-C.Wentz sacked at DET 46 for 0 yards (91-A.Robinson).,true,0.543436586856842,0.5020666718482971,-0.04136991500854492,0.543436586856842,0.456563413143158,0.456563413143158,0.543436586856842,-0.0413699150085449
2016_05_PHI_DET,3861,2016,5,REG,4,3,5,100,-2,DET,PHI,pass,(1:40) (Shotgun) 9-M.Stafford sacked at PHI 11 for -6 yards (91-F.Cox).,true,0.631964921951294,0.540252685546875,-0.09171223640441895,0.631964921951294,0.368035078048706,0.631964921951294,0.368035078048706,-0.0917122364044189
2016_05_SD_OAK,3600,2016,5,REG,4,2,9,337,3,LV,LAC,pass,(5:37) (Shotgun) 4-D.Carr sacked at LV 22 for -4 yards (99-J.Bosa).,true,0.756023108959198,0.7128998637199402,-0.04312324523925781,0.756023108959198,0.243976891040802,0.756023108959198,0.243976891040802,-0.0431232452392578
2016_05_TB_CAR,3049,2016,5,REG,4,3,10,840,0,TB,CAR,pass,(14:00) (Shotgun) 3-J.Winston sacked at TB 31 for -9 yards (33-T.Boston).,true,0.435380846261978,0.3518874943256377,-0.08349335193634028,0.435380846261978,0.564619153738022,0.564619153738022,0.435380846261978,-0.0834933519363403
2016_06_ATL_SEA,3356,2016,6,REG,4,3,5,568,7,ATL,SEA,pass,(9:28) (Shotgun) 2-M.Ryan sacked at ATL 30 for -13 yards (91-C.Marsh).,true,0.887933790683746,0.8119863867759701,-0.07594740390777588,0.887933790683746,0.112066209316254,0.112066209316254,0.887933790683746,-0.0759474039077759
2016_06_BAL_NYG,3908,2016,6,REG,4,2,10,436,1,NYG,BAL,pass,"(7:16) (No Huddle, Shotgun) 10-E.Manning sacked at BAL 26 for -6 yards (55-T.Suggs).",true,0.805042088031769,0.7665233612060549,-0.03851872682571411,0.805042088031769,0.194957911968231,0.805042088031769,0.194957911968231,-0.0385187268257141
2016_06_CAR_NO,4760,2016,6,REG,4,1,10,178,0,NO,CAR,pass,(2:58) (Shotgun) 9-D.Brees sacked at NO 20 for -5 yards (sack split by 95-C.Johnson and 97-M.Addison).,true,0.562238037586212,0.5690587162971495,0.0068206787109375,0.562238037586212,0.437761962413788,0.562238037586212,0.437761962413788,0.0068206787109375
2016_06_CLE_TEN,2961,2016,6,REG,4,1,10,885,-8,CLE,TEN,pass,(14:45) 6-C.Kessler sacked at CLE 35 for -5 yards (54-A.Williamson).,true,0.183176785707474,0.1494883447885516,-0.0336884409189224,0.183176785707474,0.816823214292526,0.816823214292526,0.183176785707474,-0.0336884409189224
2016_06_DEN_SD,4267,2016,6,REG,4,3,1,15,-8,DEN,LAC,pass,"(:15) (Shotgun) 13-T.Siemian scrambles left end ran ob at LAC 44 for 1 yard (58-To.Williams). The Replay Official reviewed the first down ruling, and the play was REVERSED. (Shotgun) 13-T.Siemian sacked ob at LAC 45 for 0 yards (58-To.Williams).",true,0.0504243411123753,0.029460558667779,-0.0209637824445963,0.0504243411123753,0.949575658887625,0.949575658887625,0.0504243411123753,-0.0209637824445963
2016_06_IND_HOU,3637,2016,6,REG,4,2,13,148,7,IND,HOU,pass,(2:28) 12-A.Luck sacked at IND 11 for -7 yards (29-A.Hal).,true,0.916141629219055,0.8836531639099119,-0.032488465309143066,0.916141629219055,0.0838583707809448,0.0838583707809448,0.916141629219055,-0.0324884653091431
2016_06_JAX_CHI,3401,2016,6,REG,4,2,5,704,-6,JAX,CHI,pass,"(11:44) (No Huddle, Shotgun) 5-B.Bortles sacked at JAX 19 for -2 yards (97-W.Young). FUMBLES (97-W.Young) [97-W.Young], RECOVERED by CHI-96-A.Hicks at JAX 28. 96-A.Hicks to JAX 28 for no gain (77-P.Omameh).",true,0.188445150852203,0.11900204420089681,-0.0694431066513062,0.188445150852203,0.811554849147797,0.811554849147797,0.188445150852203,-0.0694431066513062
2016_06_JAX_CHI,3519,2016,6,REG,4,3,7,556,6,CHI,JAX,pass,(9:16) (Shotgun) 2-B.Hoyer sacked at JAX 14 for -5 yards (91-Y.Ngakoue).,true,0.894545435905457,0.8812431097030644,-0.013302326202392578,0.894545435905457,0.105454564094543,0.894545435905457,0.105454564094543,-0.0133023262023926
2016_06_LA_DET,3005,2016,6,REG,4,3,10,838,-7,DET,LA,no_play,"(13:58) (Shotgun) 9-M.Stafford sacked at DET 5 for -11 yards (93-E.Westbrooks). PENALTY on LA-91-D.Easley, Defensive Offside, 5 yards, enforced at DET 16 - No Play.",true,0.16443444788456,0.16709417104721105,0.002659723162651062,0.16443444788456,0.83556555211544,0.16443444788456,0.83556555211544,0.00265972316265106
2016_06_LA_DET,3673,2016,6,REG,4,1,10,120,0,DET,LA,pass,(2:00) (Shotgun) 9-M.Stafford sacked at LA 31 for -5 yards (99-A.Donald).,true,0.759908318519592,0.7246762514114377,-0.0352320671081543,0.759908318519592,0.240091681480408,0.759908318519592,0.240091681480408,-0.0352320671081543
2016_06_PHI_WAS,3833,2016,6,REG,4,2,6,126,-7,PHI,WAS,pass,"(2:06) (No Huddle, Shotgun) 11-C.Wentz sacked at PHI 49 for -9 yards (99-R.Jean Francois).",true,0.18409638106823,0.0942370444536212,-0.0898593366146088,0.18409638106823,0.81590361893177,0.81590361893177,0.18409638106823,-0.0898593366146088
2016_06_PHI_WAS,3869,2016,6,REG,4,3,15,118,-7,PHI,WAS,pass,(1:58) (Shotgun) 11-C.Wentz sacked at PHI 40 for -9 yards (sack split by 93-T.Murphy and 94-P.Smith).,true,0.0942370444536209,0.0645303502678871,-0.029706694185733795,0.0942370444536209,0.905762955546379,0.905762955546379,0.0942370444536209,-0.0297066941857338
2016_07_BAL_NYJ,3229,2016,7,REG,4,1,10,671,-8,BAL,NYJ,pass,(11:11) 5-J.Flacco sacked at BAL 10 for -5 yards (92-L.Williams).,true,0.143100142478943,0.1041499748826028,-0.03895016759634021,0.143100142478943,0.856899857521057,0.856899857521057,0.143100142478943,-0.0389501675963402
2016_07_BAL_NYJ,3359,2016,7,REG,4,3,4,510,8,NYJ,BAL,pass,(8:30) (Shotgun) 14-R.Fitzpatrick sacked at NYJ 29 for -5 yards (91-M.Judon).,true,0.919180512428284,0.8802235722541812,-0.03895694017410278,0.919180512428284,0.0808194875717163,0.919180512428284,0.0808194875717163,-0.0389569401741028
2016_07_BUF_MIA,2892,2016,7,REG,4,3,6,796,3,BUF,MIA,pass,(13:16) (Shotgun) 5-T.Taylor sacked at MIA 39 for -6 yards (93-N.Suh).,true,0.713615417480469,0.6530101895332339,-0.06060522794723511,0.713615417480469,0.286384582519531,0.286384582519531,0.713615417480469,-0.0606052279472351
2016_07_IND_TEN,4130,2016,7,REG,4,1,10,115,-4,TEN,IND,pass,"(1:55) (Shotgun) 8-M.Mariota sacked at TEN 18 for -7 yards (99-T.McGill). FUMBLES (99-T.McGill) [99-T.McGill], RECOVERED by IND-98-R.Mathis at TEN 14. 98-R.Mathis for 14 yards, TOUCHDOWN.",true,0.274596005678177,0.018680928087829007,-0.255915077590348,0.274596005678177,0.725403994321823,0.274596005678177,0.725403994321823,-0.255915077590348
2016_07_NYG_LA,3678,2016,7,REG,4,2,10,551,-7,LA,NYG,pass,"(9:11) (Shotgun) 17-C.Keenum sacked at LA 10 for -12 yards (98-D.Harrison). Penalty on LA-73-G.Robinson, Offensive Holding, declined.",true,0.165348201990128,0.1353394240140919,-0.0300087779760361,0.165348201990128,0.834651798009872,0.165348201990128,0.834651798009872,-0.0300087779760361
2016_07_SD_ATL,2901,2016,7,REG,4,2,9,861,7,ATL,LAC,pass,(14:21) 2-M.Ryan sacked at LAC 13 for -3 yards (99-J.Bosa).,true,0.88794356584549,0.8852761983871464,-0.002667367458343506,0.88794356584549,0.112056434154511,0.88794356584549,0.112056434154511,-0.00266736745834351
2016_07_SEA_ARI,3498,2016,7,REG,4,2,9,520,-3,SEA,ARI,pass,"(8:40) (Shotgun) 3-R.Wilson sacked at SEA 14 for -7 yards (55-Ch.Jones). FUMBLES (55-Ch.Jones) [55-Ch.Jones], recovered by SEA-63-M.Glowinski at SEA 1. 63-M.Glowinski to SEA 1 for no gain (57-A.Okafor).",true,0.303679376840591,0.2075776904821392,-0.09610168635845179,0.303679376840591,0.696320623159409,0.696320623159409,0.303679376840591,-0.0961016863584518
2016_07_SEA_ARI,3652,2016,7,REG,4,2,16,366,3,ARI,SEA,pass,(6:06) (Shotgun) 3-C.Palmer sacked at ARI 24 for -9 yards (56-C.Avril).,true,0.764243423938751,0.7190014123916624,-0.04524201154708862,0.764243423938751,0.235756576061249,0.764243423938751,0.235756576061249,-0.0452420115470886
2016_07_SEA_ARI,3894,2016,7,REG,4,2,5,193,0,ARI,SEA,pass,(3:13) (Shotgun) 3-C.Palmer sacked at ARI 22 for -8 yards (56-C.Avril).,true,0.559496641159058,0.48122972249984775,-0.0782669186592102,0.559496641159058,0.440503358840942,0.559496641159058,0.440503358840942,-0.0782669186592102
2016_07_WAS_DET,2570,2016,7,REG,4,1,10,900,7,DET,WAS,pass,"(15:00) (Shotgun) 9-M.Stafford sacked at WAS 15 for -4 yards (93-T.Murphy). FUMBLES (93-T.Murphy), and recovers at WAS 13. 9-M.Stafford to WAS 13 for no gain (93-T.Murphy).",true,0.896569788455963,0.8882208466529845,-0.008348941802978516,0.896569788455963,0.103430211544037,0.896569788455963,0.103430211544037,-0.00834894180297852
2016_07_WAS_DET,3064,2016,7,REG,4,2,8,379,3,DET,WAS,pass,(6:19) (Shotgun) 9-M.Stafford sacked at DET 32 for -6 yards (94-P.Smith).,true,0.790318250656128,0.7304185032844545,-0.059899747371673584,0.790318250656128,0.209681749343872,0.790318250656128,0.209681749343872,-0.0598997473716736
2016_08_DET_HOU,3060,2016,8,REG,4,2,9,850,7,HOU,DET,pass,(14:10) 17-B.Osweiler sacked at HOU 21 for -5 yards (91-A.Robinson).,true,0.819825053215027,0.8055791258811952,-0.014245927333831787,0.819825053215027,0.180174946784973,0.819825053215027,0.180174946784973,-0.0142459273338318
2016_08_DET_HOU,3440,2016,8,REG,4,3,9,300,7,HOU,DET,pass,(5:00) (Shotgun) 17-B.Osweiler sacked at DET 18 for -7 yards (99-K.Thornton).,true,0.937665104866028,0.9311864376068117,-0.006478667259216309,0.937665104866028,0.0623348951339722,0.937665104866028,0.0623348951339722,-0.00647866725921631
2016_08_GB_ATL,2841,2016,8,REG,4,2,7,850,2,ATL,GB,pass,(14:10) (Shotgun) 2-M.Ryan sacked at ATL 27 for -9 yards (76-M.Daniels).,true,0.720817267894745,0.6538909673690797,-0.06692630052566528,0.720817267894745,0.279182732105255,0.720817267894745,0.279182732105255,-0.0669263005256653
2016_08_GB_ATL,2860,2016,8,REG,4,3,16,803,2,ATL,GB,pass,(13:23) (Shotgun) 2-M.Ryan sacked at ATL 25 for -2 yards (56-J.Peppers).,true,0.65389096736908,0.6045237779617314,-0.04936718940734863,0.65389096736908,0.34610903263092,0.65389096736908,0.34610903263092,-0.0493671894073486
2016_08_PHI_DAL,4387,2016,8,REG,4,1,20,67,0,PHI,DAL,pass,(1:07) (Shotgun) 11-C.Wentz sacked at PHI 4 for -6 yards (sack split by 92-C.Thornton and 98-T.Crawford).,true,0.429921507835388,0.4085854887962339,-0.021336019039154108,0.429921507835388,0.570078492164612,0.570078492164612,0.429921507835388,-0.0213360190391541
2016_08_PHI_DAL,4465,2016,8,REG,4,3,19,53,0,PHI,DAL,pass,(:53) (Shotgun) 11-C.Wentz sacked at PHI 9 for -2 yards (32-O.Scandrick).,true,0.431291431188583,0.37608313560485795,-0.05520829558372503,0.431291431188583,0.568708568811417,0.568708568811417,0.431291431188583,-0.055208295583725
2016_08_PHI_DAL,4554,2016,8,REG,4,2,10,33,0,DAL,PHI,pass,(:33) (Shotgun) 4-D.Prescott sacked at DAL 18 for -10 yards (98-C.Barwin).,true,0.579281151294708,0.6098337720613924,0.030552620766684413,0.579281151294708,0.420718848705292,0.579281151294708,0.420718848705292,0.0305526207666844
2016_08_SEA_NO,3877,2016,8,REG,4,3,8,142,2,NO,SEA,pass,(2:22) (Shotgun) 9-D.Brees sacked at SEA 18 for -8 yards (56-C.Avril).,true,0.905502438545227,0.9098957180976868,0.004393279552459717,0.905502438545227,0.0944975614547729,0.905502438545227,0.0944975614547729,0.00439327955245972
2016_08_WAS_CIN,4402,2016,8,REG,4,3,10,21,0,CIN,WAS,pass,(:21) (Shotgun) 14-A.Dalton sacked at CIN 39 for -4 yards (36-S.Cravens).,true,0.623275518417358,0.5524979829788204,-0.0707775354385376,0.623275518417358,0.376724481582642,0.623275518417358,0.376724481582642,-0.0707775354385376
2016_09_BUF_SEA,3386,2016,9,REG,4,1,10,713,3,SEA,BUF,pass,(11:53) (Shotgun) 3-R.Wilson sacked at BUF 41 for -6 yards (57-L.Alexander).,true,0.804890930652618,0.7643694877624507,-0.040521442890167236,0.804890930652618,0.195109069347382,0.804890930652618,0.195109069347382,-0.0405214428901672
2016_09_BUF_SEA,3977,2016,9,REG,4,3,8,179,6,SEA,BUF,pass,(2:59) (Shotgun) 3-R.Wilson sacked at SEA 11 for -9 yards (95-K.Williams).,true,0.857116639614105,0.77058470249176,-0.08653193712234497,0.857116639614105,0.142883360385895,0.857116639614105,0.142883360385895,-0.086531937122345
2016_09_BUF_SEA,4102,2016,9,REG,4,2,11,120,-6,BUF,SEA,pass,(2:00) (Shotgun) 5-T.Taylor sacked at BUF 40 for -10 yards (sack split by 54-B.Wagner and 55-F.Clark).,true,0.17617030441761,0.1306557059288023,-0.045514598488807706,0.17617030441761,0.82382969558239,0.82382969558239,0.17617030441761,-0.0455145984888077
2016_09_BUF_SEA,4275,2016,9,REG,4,2,7,61,-6,BUF,SEA,pass,(1:01) (Shotgun) 5-T.Taylor sacked at SEA 8 for -1 yards (50-K.Wright).,true,0.414210796356201,0.35249245166778553,-0.06171834468841547,0.414210796356201,0.585789203643799,0.585789203643799,0.414210796356201,-0.0617183446884155
2016_09_BUF_SEA,4316,2016,9,REG,4,3,8,52,-6,BUF,SEA,pass,(:52) (Shotgun) 5-T.Taylor sacked at SEA 15 for -7 yards (56-C.Avril).,true,0.352492451667786,0.20067103207111398,-0.151821419596672,0.352492451667786,0.647507548332214,0.647507548332214,0.352492451667786,-0.151821419596672
2016_09_CAR_LA,2946,2016,9,REG,4,3,2,719,7,CAR,LA,pass,(11:59) (Shotgun) 1-C.Newton sacked at LA 20 for -9 yards (99-A.Donald).,true,0.904713332653046,0.8699318170547489,-0.03478151559829712,0.904713332653046,0.0952866673469543,0.0952866673469543,0.904713332653046,-0.0347815155982971
2016_09_DEN_OAK,3417,2016,9,REG,4,1,10,648,7,LV,DEN,pass,(10:48) (Shotgun) 4-D.Carr sacked ob at DEN 24 for 0 yards (29-B.Roby).,true,0.919873595237732,0.9149369597434999,-0.004936635494232178,0.919873595237732,0.0801264047622681,0.919873595237732,0.0801264047622681,-0.00493663549423218
2016_09_JAX_KC,3838,2016,9,REG,4,3,6,202,5,KC,JAX,pass,(3:22) (Shotgun) 4-N.Foles sacked at KC 18 for -11 yards (99-S.Marks).,true,0.838129281997681,0.7477033734321598,-0.09042590856552124,0.838129281997681,0.161870718002319,0.838129281997681,0.161870718002319,-0.0904259085655212
2016_09_NYJ_MIA,3769,2016,9,REG,4,3,6,223,-4,NYJ,MIA,pass,(3:43) (Shotgun) 14-R.Fitzpatrick sacked at NYJ 21 for -8 yards (93-N.Suh).,true,0.230497553944588,0.127280220389366,-0.103217333555222,0.230497553944588,0.769502446055412,0.769502446055412,0.230497553944588,-0.103217333555222
2016_10_CIN_NYG,3833,2016,10,REG,4,2,10,245,-1,CIN,NYG,pass,(4:05) (Shotgun) 14-A.Dalton sacked at CIN 23 for -7 yards (sack split by 52-J.Casillas and 98-D.Harrison). NYG-90-J.Pierre-Paul was injured during the play.,true,0.396509051322937,0.3291365206241607,-0.0673725306987763,0.396509051322937,0.603490948677063,0.603490948677063,0.396509051322937,-0.0673725306987763
2016_10_CIN_NYG,3855,2016,10,REG,4,3,17,221,-1,CIN,NYG,pass,(3:41) (Shotgun) 14-A.Dalton sacked at CIN 16 for -7 yards (54-O.Vernon).,true,0.329136520624161,0.2686746716499331,-0.060461848974227905,0.329136520624161,0.670863479375839,0.670863479375839,0.329136520624161,-0.0604618489742279
2016_10_DEN_NO,3025,2016,10,REG,4,3,9,897,-7,DEN,NO,pass,(14:57) (Shotgun) 13-T.Siemian sacked at NO 24 for -6 yards (52-C.Robertson).,true,0.269544333219528,0.21272362768650027,-0.056820705533027704,0.269544333219528,0.730455666780472,0.730455666780472,0.269544333219528,-0.0568207055330277
2016_10_DEN_NO,3397,2016,10,REG,4,3,5,511,0,NO,DEN,pass,(8:31) (Shotgun) 9-D.Brees sacked at NO 20 for -10 yards (48-S.Barrett).,true,0.540362477302551,0.43844789266586304,-0.10191458463668801,0.540362477302551,0.459637522697449,0.540362477302551,0.459637522697449,-0.101914584636688
2016_10_DEN_NO,3442,2016,10,REG,4,1,10,461,0,DEN,NO,pass,"(7:41) 13-T.Siemian sacked at DEN 46 for -1 yards (32-K.Vaccaro). PENALTY on NO-32-K.Vaccaro, Unnecessary Roughness, 15 yards, enforced at DEN 46.",true,0.510130763053894,0.5825451612472534,0.07241439819335938,0.510130763053894,0.489869236946106,0.489869236946106,0.510130763053894,0.0724143981933594
2016_10_HOU_JAX,3248,2016,10,REG,4,2,8,608,8,HOU,JAX,pass,(10:08) (Shotgun) 17-B.Osweiler sacked at JAX 37 for -7 yards (22-A.Colvin).,true,0.921155452728271,0.9018307924270625,-0.019324660301208496,0.921155452728271,0.0788445472717285,0.0788445472717285,0.921155452728271,-0.0193246603012085
2016_10_KC_CAR,3947,2016,10,REG,4,2,16,51,0,KC,CAR,pass,(:51) (Shotgun) 11-A.Smith sacked at KC 21 for -4 yards (99-K.Short).,true,0.538875699043274,0.5174105763435365,-0.02146512269973755,0.538875699043274,0.461124300956726,0.461124300956726,0.538875699043274,-0.0214651226997376
2016_10_MIA_SD,3063,2016,10,REG,4,1,10,656,-4,LAC,MIA,pass,(10:56) (Shotgun) 17-P.Rivers sacked at LAC 14 for -6 yards (sack split by 50-A.Branch and 93-N.Suh).,true,0.35245481133461,0.3019700944423676,-0.050484716892242376,0.35245481133461,0.64754518866539,0.35245481133461,0.64754518866539,-0.0504847168922424
2016_10_MIN_WAS,3554,2016,10,REG,4,3,6,163,3,WAS,MIN,pass,(2:43) (Shotgun) 8-K.Cousins sacked at MIN 10 for -2 yards (99-D.Hunter).,true,0.894708096981049,0.8689436316490178,-0.02576446533203125,0.894708096981049,0.105291903018951,0.894708096981049,0.105291903018951,-0.0257644653320313
2016_10_MIN_WAS,3860,2016,10,REG,4,2,10,40,-6,MIN,WAS,pass,(:40) (Shotgun) 8-S.Bradford sacked at WAS 28 for -7 yards (93-T.Murphy).,true,0.30517452955246,0.167327702045441,-0.137846827507019,0.30517452955246,0.69482547044754,0.69482547044754,0.30517452955246,-0.137846827507019
2016_10_MIN_WAS,3902,2016,10,REG,4,4,17,11,-6,MIN,WAS,pass,(:11) (Shotgun) 8-S.Bradford sacked at WAS 42 for -14 yards (94-P.Smith).,true,0.127839103341103,0.011778533458709994,-0.116060569882393,0.127839103341103,0.872160896658897,0.872160896658897,0.127839103341103,-0.116060569882393
2016_10_SEA_NE,3197,2016,10,REG,4,3,7,822,-1,NE,SEA,pass,(13:42) (Shotgun) 12-T.Brady sacked at SEA 12 for -5 yards (55-F.Clark).,true,0.660484135150909,0.5676482319831844,-0.09283590316772461,0.660484135150909,0.339515864849091,0.660484135150909,0.339515864849091,-0.0928359031677246
2016_11_ARI_MIN,3690,2016,11,REG,4,2,10,316,-6,ARI,MIN,pass,(5:16) (Shotgun) 3-C.Palmer sacked at ARI 45 for -8 yards (99-D.Hunter).,true,0.244988605380058,0.1649558097124097,-0.08003279566764832,0.244988605380058,0.755011394619942,0.755011394619942,0.244988605380058,-0.0800327956676483
2016_11_ARI_MIN,3969,2016,11,REG,4,3,10,113,-6,ARI,MIN,pass,(1:53) (Shotgun) 3-C.Palmer sacked at ARI 4 for -9 yards (22-H.Smith).,true,0.123992316424847,0.0380857363343242,-0.0859065800905228,0.123992316424847,0.876007683575153,0.876007683575153,0.123992316424847,-0.0859065800905228
2016_11_ARI_MIN,4110,2016,11,REG,4,4,6,44,-6,ARI,MIN,pass,(:44) (Shotgun) 3-C.Palmer sacked at ARI 19 for -15 yards (99-D.Hunter).,true,0.0877988636493683,0.0055836439132690985,-0.0822152197360992,0.0877988636493683,0.912201136350632,0.912201136350632,0.0877988636493683,-0.0822152197360992
2016_11_BUF_CIN,3677,2016,11,REG,4,3,4,365,4,BUF,CIN,pass,(6:05) (Shotgun) 5-T.Taylor sacked at BUF 47 for -3 yards (55-V.Burfict).,true,0.770935654640198,0.6819372177124026,-0.08899843692779541,0.770935654640198,0.229064345359802,0.229064345359802,0.770935654640198,-0.0889984369277954
2016_11_CHI_NYG,2870,2016,11,REG,4,2,17,900,-6,CHI,NYG,pass,(15:00) (Shotgun) 6-J.Cutler sacked at NYG 44 for -2 yards (90-J.Pierre-Paul).,true,0.239608958363533,0.2147350162267685,-0.0248739421367645,0.239608958363533,0.760391041636467,0.760391041636467,0.239608958363533,-0.0248739421367645
2016_11_CHI_NYG,3031,2016,11,REG,4,1,10,769,-6,CHI,NYG,pass,(12:49) 6-J.Cutler sacked at CHI 6 for -8 yards (54-O.Vernon).,true,0.202841326594353,0.13934180140495328,-0.06349952518939972,0.202841326594353,0.797158673405647,0.797158673405647,0.202841326594353,-0.0634995251893997
2016_11_CHI_NYG,3252,2016,11,REG,4,2,12,536,-6,CHI,NYG,pass,(8:56) 6-J.Cutler sacked at CHI 10 for -6 yards (sack split by 95-J.Hankins and 90-J.Pierre-Paul).,true,0.149184927344322,0.11504476517438872,-0.03414016216993329,0.149184927344322,0.850815072655678,0.850815072655678,0.149184927344322,-0.0341401621699333
2016_11_CHI_NYG,3816,2016,11,REG,4,1,10,120,-6,CHI,NYG,pass,"(2:00) (Shotgun) 6-J.Cutler sacked at NYG 43 for -13 yards (90-J.Pierre-Paul). FUMBLES (90-J.Pierre-Paul) [90-J.Pierre-Paul], recovered by CHI-76-M.Adams at NYG 44. 76-M.Adams to NYG 44 for no gain (78-R.Okwara). Officially, a sack for 14 yards.",true,0.276630759239197,0.1914870291948321,-0.0851437300443649,0.276630759239197,0.723369240760803,0.723369240760803,0.276630759239197,-0.0851437300443649
2016_11_HOU_OAK,3751,2016,11,REG,4,2,5,205,-7,HOU,LV,pass,"(3:25) (No Huddle, Shotgun) 17-B.Osweiler sacked at HOU 40 for -4 yards (51-B.Irvin). Penalty on HOU-74-C.Clark, Offensive Holding, declined.",true,0.140862464904785,0.11825320124626139,-0.0226092636585236,0.140862464904785,0.859137535095215,0.859137535095215,0.140862464904785,-0.0226092636585236
2016_11_JAX_DET,3214,2016,11,REG,4,2,8,725,-3,DET,JAX,pass,(12:05) (Shotgun) 9-M.Stafford sacked at DET 31 for -5 yards (91-Y.Ngakoue).,true,0.401663422584534,0.33318674564361606,-0.06847667694091797,0.401663422584534,0.598336577415466,0.401663422584534,0.598336577415466,-0.068476676940918
2016_11_PIT_CLE,3153,2016,11,REG,4,1,10,488,-8,CLE,PIT,pass,(8:08) (Shotgun) 13-J.McCown sacked at CLE 31 for -7 yards (91-S.Tuitt).,true,0.17786468565464,0.1380225270986555,-0.0398421585559845,0.17786468565464,0.82213531434536,0.17786468565464,0.82213531434536,-0.0398421585559845
2016_11_PIT_CLE,3229,2016,11,REG,4,1,10,418,-8,CLE,PIT,pass,(6:58) (Shotgun) 13-J.McCown sacked at CLE 25 for -11 yards (94-L.Timmons).,true,0.159673035144806,0.11107701063156139,-0.0485960245132446,0.159673035144806,0.840326964855194,0.159673035144806,0.840326964855194,-0.0485960245132446
2016_11_PIT_CLE,3450,2016,11,REG,4,2,10,224,-8,CLE,PIT,pass,"(3:44) (Shotgun) 13-J.McCown sacked at CLE 2 for -11 yards (50-R.Shazier). FUMBLES (50-R.Shazier) [50-R.Shazier], RECOVERED by PIT-79-J.Hargrave at CLE 0. TOUCHDOWN.",true,0.0629382878541946,0.009215969530325802,-0.0537223183238688,0.0629382878541946,0.937061712145805,0.0629382878541946,0.937061712145805,-0.0537223183238688
2016_11_TEN_IND,3281,2016,11,REG,4,2,10,706,4,IND,TEN,pass,(11:46) (Shotgun) 12-A.Luck sacked at TEN 31 for -6 yards (sack split by 94-Au.Johnson and 91-D.Morgan).,true,0.829703390598297,0.7856115698814391,-0.04409182071685791,0.829703390598297,0.170296609401703,0.829703390598297,0.170296609401703,-0.0440918207168579
2016_11_TEN_IND,3449,2016,11,REG,4,3,7,520,-7,TEN,IND,pass,(8:40) (Shotgun) 8-M.Mariota sacked at TEN 17 for -12 yards (52-D.Jackson).,true,0.151169165968895,0.09107821434736259,-0.0600909516215324,0.151169165968895,0.848830834031105,0.848830834031105,0.151169165968895,-0.0600909516215324
2016_11_TEN_IND,3682,2016,11,REG,4,2,8,354,-7,TEN,IND,pass,(5:54) (Run formation) 8-M.Mariota sacked at IND 38 for 0 yards (53-E.Jackson). TEN-77-T.Lewan was injured during the play.,true,0.205782428383827,0.1877515017986296,-0.018030926585197393,0.205782428383827,0.794217571616173,0.794217571616173,0.205782428383827,-0.0180309265851974
2016_12_CAR_OAK,4216,2016,12,REG,4,4,10,60,-3,CAR,LV,pass,"(1:00) (Shotgun) 1-C.Newton sacked at CAR 47 for -9 yards (52-K.Mack). FUMBLES (52-K.Mack) [52-K.Mack], RECOVERED by LV-52-K.Mack at CAR 45. 52-K.Mack to CAR 45 for no gain (79-C.Scott).",true,0.219701603055,0.02735930681228599,-0.192342296242714,0.219701603055,0.780298396945,0.780298396945,0.219701603055,-0.192342296242714
2016_12_CIN_BAL,4200,2016,12,REG,4,3,10,72,-7,CIN,BAL,pass,"(1:12) (Shotgun) 14-A.Dalton sacked at BAL 24 for -8 yards (58-E.Dumervil). FUMBLES (58-E.Dumervil) [58-E.Dumervil], RECOVERED by BAL-93-L.Guy at BAL 21. 93-L.Guy to BAL 21 for no gain (68-K.Zeitler).",true,0.182979688048363,0.012463271617890015,-0.170516416430473,0.182979688048363,0.817020311951637,0.817020311951637,0.182979688048363,-0.170516416430473
2016_12_KC_DEN,3087,2016,12,REG,4,2,9,844,6,KC,DEN,pass,(14:04) (Shotgun) 11-A.Smith sacked at KC 11 for -4 yards (94-D.Ware).,true,0.761395037174225,0.7471731901168824,-0.01422184705734253,0.761395037174225,0.238604962825775,0.238604962825775,0.761395037174225,-0.0142218470573425
2016_12_KC_DEN,3106,2016,12,REG,4,3,13,799,6,KC,DEN,pass,(13:19) (Shotgun) 11-A.Smith sacked at KC 8 for -3 yards (56-S.Ray).,true,0.747173190116882,0.6816764473915097,-0.06549674272537231,0.747173190116882,0.252826809883118,0.252826809883118,0.747173190116882,-0.0654967427253723
2016_12_KC_DEN,3242,2016,12,REG,4,2,6,664,6,KC,DEN,pass,(11:04) 11-A.Smith sacked at KC 38 for -7 yards (58-V.Miller).,true,0.842533648014069,0.8110042810440068,-0.031529366970062256,0.842533648014069,0.157466351985931,0.157466351985931,0.842533648014069,-0.0315293669700623
2016_12_KC_DEN,3844,2016,12,REG,4,1,10,180,-8,KC,DEN,pass,(3:00) (Shotgun) 11-A.Smith sacked at KC 18 for -7 yards (95-D.Wolfe).,true,0.0498271062970161,0.0364645607769489,-0.013362545520067201,0.0498271062970161,0.950172893702984,0.950172893702984,0.0498271062970161,-0.0133625455200672
2016_12_MIN_DET,2922,2016,12,REG,4,1,10,758,-3,DET,MIN,pass,(12:38) 9-M.Stafford sacked at DET 15 for -10 yards (sack split by 34-A.Sendejo and 99-D.Hunter).,true,0.410043805837631,0.3491915762424467,-0.060852229595184326,0.410043805837631,0.589956194162369,0.410043805837631,0.589956194162369,-0.0608522295951843
2016_12_NE_NYJ,3953,2016,12,REG,4,2,5,111,-5,NYJ,NE,pass,"(1:51) (Shotgun) 14-R.Fitzpatrick sacked at NYJ 23 for -7 yards (95-C.Long). FUMBLES (95-C.Long), RECOVERED by NE-98-T.Flowers at NYJ 31. 98-T.Flowers to NYJ 34 for -3 yards (29-B.Powell).",true,0.23391717672348,0.035020411014556996,-0.198896765708923,0.23391717672348,0.76608282327652,0.23391717672348,0.76608282327652,-0.198896765708923
2016_12_NYG_CLE,3162,2016,12,REG,4,3,5,892,-8,CLE,NYG,pass,(14:52) (Shotgun) 13-J.McCown sacked at CLE 5 for -8 yards (90-J.Pierre-Paul).,true,0.148643210530281,0.0926113724708556,-0.05603183805942541,0.148643210530281,0.851356789469719,0.148643210530281,0.851356789469719,-0.0560318380594254
2016_12_NYG_CLE,3380,2016,12,REG,4,2,19,668,-8,CLE,NYG,pass,"(11:08) 13-J.McCown sacked at CLE 43 for -7 yards (95-J.Hankins). FUMBLES (95-J.Hankins) [95-J.Hankins], RECOVERED by NYG-90-J.Pierre-Paul at CLE 43. 90-J.Pierre-Paul for 43 yards, TOUCHDOWN.",true,0.183692395687103,0.037647920895657994,-0.146044474791445,0.183692395687103,0.816307604312897,0.183692395687103,0.816307604312897,-0.146044474791445
2016_13_DAL_MIN,3029,2016,13,REG,4,3,18,673,-2,DAL,MIN,pass,(11:13) (Shotgun) 4-D.Prescott sacked at DAL 40 for -6 yards (99-D.Hunter).,true,0.354827225208282,0.30307218432426414,-0.05175504088401789,0.354827225208282,0.645172774791718,0.645172774791718,0.354827225208282,-0.0517550408840179
2016_13_DAL_MIN,3291,2016,13,REG,4,1,10,496,-5,MIN,DAL,pass,(8:16) 8-S.Bradford sacked at MIN 15 for -8 yards (59-A.Hitchens).,true,0.26353931427002,0.2200817614793782,-0.043457552790641785,0.26353931427002,0.736460685729981,0.26353931427002,0.736460685729981,-0.0434575527906418
2016_13_DAL_MIN,3572,2016,13,REG,4,2,5,200,-8,MIN,DAL,pass,"(3:20) (No Huddle, Shotgun) 8-S.Bradford sacked at MIN 36 for -7 yards (93-B.Mayowa). Penalty on MIN-68-T.Clemmings, Offensive Holding, declined.",true,0.0773738324642181,0.0559883005917072,-0.021385531872510896,0.0773738324642181,0.922626167535782,0.0773738324642181,0.922626167535782,-0.0213855318725109
2016_13_DEN_JAX,3228,2016,13,REG,4,3,13,761,7,DEN,JAX,pass,(12:41) (Shotgun) 12-P.Lynch sacked at DEN 32 for 0 yards (50-T.Smith).,true,0.79391086101532,0.7816148400306704,-0.012296020984649658,0.79391086101532,0.20608913898468,0.20608913898468,0.79391086101532,-0.0122960209846497
2016_13_DEN_JAX,4055,2016,13,REG,4,2,10,97,-7,JAX,DEN,pass,"(1:37) (Shotgun) 5-B.Bortles sacked at JAX 29 for -5 yards (58-V.Miller). FUMBLES (58-V.Miller) [93-J.Crick], RECOVERED by DEN-56-S.Ray at JAX 32. 56-S.Ray to JAX 29 for 3 yards (60-A.Cann).",true,0.105939388275146,0.008724093437194297,-0.0972152948379517,0.105939388275146,0.894060611724854,0.105939388275146,0.894060611724854,-0.0972152948379517
2016_13_TB_SD,3157,2016,13,REG,4,1,10,541,-7,LAC,TB,pass,(9:01) 17-P.Rivers sacked at LAC 18 for -7 yards (91-R.Ayers).,true,0.183215126395226,0.15641999244689989,-0.02679513394832611,0.183215126395226,0.816784873604775,0.183215126395226,0.816784873604775,-0.0267951339483261
2016_14_ARI_MIA,4003,2016,14,REG,4,1,10,115,0,ARI,MIA,pass,"(1:55) (Shotgun) 3-C.Palmer sacked at ARI 19 for -6 yards. FUMBLES, and recovers at ARI 19. 3-C.Palmer to ARI 19 for no gain (28-B.McCain).",true,0.557061314582825,0.5034223794937137,-0.05363893508911133,0.557061314582825,0.442938685417175,0.442938685417175,0.557061314582825,-0.0536389350891113
2016_14_BAL_NE,3957,2016,14,REG,4,3,4,444,-6,BAL,NE,pass,(7:24) (Shotgun) 5-J.Flacco sacked at NE 20 for -8 yards (50-R.Ninkovich).,true,0.332001090049744,0.22475244104862196,-0.10724864900112202,0.332001090049744,0.667998909950256,0.667998909950256,0.332001090049744,-0.107248649001122
2016_14_CHI_DET,2988,2016,14,REG,4,3,9,531,-3,CHI,DET,pass,(8:51) (Shotgun) 12-M.Barkley sacked at CHI 49 for -8 yards (61-K.Hyder).,true,0.367109894752502,0.256083399057388,-0.11102649569511402,0.367109894752502,0.632890105247498,0.632890105247498,0.367109894752502,-0.111026495695114
2016_14_DEN_TEN,3507,2016,14,REG,4,1,7,333,-6,DEN,TEN,pass,(5:33) (Shotgun) 13-T.Siemian sacked at TEN 16 for -9 yards (52-A.Wallace).,true,0.436887472867966,0.329734385013581,-0.10715308785438499,0.436887472867966,0.563112527132034,0.563112527132034,0.436887472867966,-0.107153087854385
2016_14_HOU_IND,3157,2016,14,REG,4,1,10,786,6,HOU,IND,pass,"(13:06) (Run formation) 17-B.Osweiler sacked at IND 27 for -10 yards (58-T.Cole). FUMBLES (58-T.Cole) [58-T.Cole], RECOVERED by IND-58-T.Cole at IND 27. 58-T.Cole to IND 27 for no gain (17-B.Osweiler). The Replay Official reviewed the fumble ruling, and the play was REVERSED. (Run formation) 17-B.Osweiler sacked at IND 28 for -11 yards (58-T.Cole).",true,0.87958550453186,0.8458422422409054,-0.03374326229095459,0.87958550453186,0.12041449546814,0.12041449546814,0.87958550453186,-0.0337432622909546
2016_14_NO_TB,3564,2016,14,REG,4,2,11,496,5,TB,NO,pass,(8:16) (Shotgun) 3-J.Winston sacked at TB 44 for -11 yards (sack split by 48-V.Bell and 94-C.Jordan).,true,0.823955714702606,0.7979212403297422,-0.02603447437286377,0.823955714702606,0.176044285297394,0.823955714702606,0.176044285297394,-0.0260344743728638
2016_14_WAS_PHI,3012,2016,14,REG,4,2,6,643,-2,PHI,WAS,pass,(10:43) 11-C.Wentz sacked at PHI 43 for -1 yards (54-M.Foster).,true,0.488257706165314,0.4436734318733218,-0.04458427429199219,0.488257706165314,0.511742293834686,0.488257706165314,0.511742293834686,-0.0445842742919922
2016_14_WAS_PHI,3088,2016,14,REG,4,2,11,535,-2,PHI,WAS,pass,"(8:55) 11-C.Wentz sacked at PHI 46 for -10 yards (26-B.Breeland). FUMBLES (26-B.Breeland) [26-B.Breeland], recovered by PHI-62-J.Kelce at PHI 47. 62-J.Kelce to WAS 47 for 6 yards (54-M.Foster).",true,0.508151471614838,0.4304800927639011,-0.07767137885093689,0.508151471614838,0.491848528385162,0.508151471614838,0.491848528385162,-0.0776713788509369
2016_14_WAS_PHI,3875,2016,14,REG,4,2,10,21,-5,PHI,WAS,pass,"(:21) (Shotgun) 11-C.Wentz sacked at WAS 22 for -8 yards (91-R.Kerrigan). FUMBLES (91-R.Kerrigan) [91-R.Kerrigan], RECOVERED by WAS-93-T.Murphy at WAS 27. 93-T.Murphy to WAS 34 for 7 yards (24-R.Mathews).",true,0.366391360759735,0.03144949674606301,-0.334941864013672,0.366391360759735,0.633608639240265,0.366391360759735,0.633608639240265,-0.334941864013672
2016_15_NO_ARI,4209,2016,15,REG,4,3,8,269,7,NO,ARI,no_play,"(4:29) (Shotgun) 9-D.Brees sacked at ARI 38 for -11 yards (51-K.Minter). PENALTY on ARI-54-S.Moore, Roughing the Passer, 14 yards, enforced at ARI 27 - No Play.",true,0.925854027271271,0.9512640833854678,0.025410056114196777,0.925854027271271,0.0741459727287293,0.0741459727287293,0.925854027271271,0.0254100561141968
2016_15_OAK_SD,3410,2016,15,REG,4,3,8,208,0,LV,LAC,pass,(3:28) (Shotgun) 4-D.Carr sacked at LAC 26 for -7 yards (54-M.Ingram).,true,0.621744692325592,0.48874044418335005,-0.133004248142242,0.621744692325592,0.378255307674408,0.378255307674408,0.621744692325592,-0.133004248142242
2016_15_OAK_SD,3492,2016,15,REG,4,2,10,151,-3,LAC,LV,pass,(2:31) (Shotgun) 17-P.Rivers sacked at LAC 9 for -5 yards (51-B.Irvin).,true,0.305986613035202,0.23760062456130981,-0.06838598847389221,0.305986613035202,0.694013386964798,0.305986613035202,0.694013386964798,-0.0683859884738922
2016_15_TB_DAL,3176,2016,15,REG,4,1,10,806,0,TB,DAL,pass,(13:26) (Shotgun) 3-J.Winston sacked at TB 19 for -6 yards (sack split by 95-D.Irving and 93-B.Mayowa).,true,0.474968463182449,0.4233389198780056,-0.051629543304443415,0.474968463182449,0.525031536817551,0.525031536817551,0.474968463182449,-0.0516295433044434
2016_15_TB_DAL,3856,2016,15,REG,4,1,10,178,-6,TB,DAL,pass,(2:58) (Shotgun) 3-J.Winston sacked at TB 17 for -8 yards (95-D.Irving).,true,0.162882998585701,0.12466923892498019,-0.0382137596607208,0.162882998585701,0.837117001414299,0.837117001414299,0.162882998585701,-0.0382137596607208
2016_15_TB_DAL,4060,2016,15,REG,4,3,3,110,6,DAL,TB,pass,(1:50) (Shotgun) 4-D.Prescott sacked at DAL 49 for -3 yards (70-S.Siliga).,true,0.972048699855804,0.9618660807609554,-0.010182619094848633,0.972048699855804,0.0279513001441956,0.972048699855804,0.0279513001441956,-0.0101826190948486
2016_15_TB_DAL,4167,2016,15,REG,4,2,10,74,-6,TB,DAL,pass,"(1:14) (Shotgun) 3-J.Winston sacked at TB 20 for -2 yards (96-M.Collins). FUMBLES (96-M.Collins) [96-M.Collins], recovered by TB-66-L.Wester at TB 20. 66-L.Wester to TB 20 for no gain (31-B.Jones).",true,0.121020689606667,0.05811546370387119,-0.0629052259027958,0.121020689606667,0.878979310393333,0.878979310393333,0.121020689606667,-0.0629052259027958
2016_16_CIN_HOU,3260,2016,16,REG,4,2,7,476,-2,CIN,HOU,pass,(7:56) (Shotgun) 14-A.Dalton sacked at CIN 26 for -6 yards (59-W.Mercilus).,true,0.400571584701538,0.3075253665447234,-0.09304621815681458,0.400571584701538,0.599428415298462,0.599428415298462,0.400571584701538,-0.0930462181568146
2016_16_MIA_BUF,3631,2016,16,REG,4,1,10,509,-7,BUF,MIA,pass,(8:29) (Shotgun) 5-T.Taylor sacked at MIA 25 for 0 yards (98-J.Jones).,true,0.335512727499008,0.3241047263145445,-0.011408001184463501,0.335512727499008,0.664487272500992,0.335512727499008,0.664487272500992,-0.0114080011844635
2016_16_SD_CLE,2941,2016,16,REG,4,1,10,900,3,CLE,LAC,pass,(15:00) (Shotgun) 10-R.Griffin sacked at CLE 26 for -5 yards (71-D.Square).,true,0.719598710536957,0.6931795477867129,-0.02641916275024414,0.719598710536957,0.280401289463043,0.719598710536957,0.280401289463043,-0.0264191627502441
2016_16_SD_CLE,3272,2016,16,REG,4,2,10,650,3,CLE,LAC,pass,(10:50) (Shotgun) 10-R.Griffin sacked at CLE 32 for 0 yards (93-D.Philon). CLE-10-R.Griffin was injured during the play. His return is Probable.,true,0.733984291553497,0.7205941081047055,-0.013390183448791504,0.733984291553497,0.266015708446503,0.733984291553497,0.266015708446503,-0.0133901834487915
2016_16_SD_CLE,3572,2016,16,REG,4,3,8,337,3,CLE,LAC,pass,(5:37) (Shotgun) 6-C.Kessler sacked at CLE 3 for -10 yards (54-M.Ingram).,true,0.716764092445374,0.594687402248383,-0.12207669019699097,0.716764092445374,0.283235907554626,0.716764092445374,0.283235907554626,-0.122076690196991
2016_16_SD_CLE,3910,2016,16,REG,4,3,7,122,3,CLE,LAC,pass,(2:02) (Shotgun) 6-C.Kessler sacked at CLE 37 for -1 yards (56-K.Toomer).,true,0.866652429103851,0.8406966328620907,-0.025955796241760254,0.866652429103851,0.133347570896149,0.866652429103851,0.133347570896149,-0.0259557962417603
2016_16_SF_LA,3009,2016,16,REG,4,3,2,812,7,LA,SF,pass,(13:32) (Shotgun) 16-J.Goff sacked at LA 38 for -1 yards (58-E.Harold). LA-79-R.Havenstein was injured during the play. His return is Questionable. #79 R.Havenstein - anke injury,true,0.861138880252838,0.8191149830818175,-0.04202389717102051,0.861138880252838,0.138861119747162,0.861138880252838,0.138861119747162,-0.0420238971710205
2016_16_SF_LA,3778,2016,16,REG,4,3,5,204,7,LA,SF,pass,"(3:24) (Shotgun) 16-J.Goff sacked at LA 34 for -1 yards (98-R.Blair). Penalty on LA, Illegal Shift, declined.",true,0.927433490753174,0.8994779586791994,-0.02795553207397461,0.927433490753174,0.0725665092468262,0.927433490753174,0.0725665092468262,-0.0279555320739746
2016_16_SF_LA,3981,2016,16,REG,4,1,10,116,-7,SF,LA,pass,(1:56) (Shotgun) 7-C.Kaepernick sacked at LA 35 for 0 yards (24-B.Countess).,true,0.193558618426323,0.153527855873108,-0.040030762553215,0.193558618426323,0.806441381573677,0.806441381573677,0.193558618426323,-0.040030762553215
2016_17_CAR_TB,3156,2016,17,REG,4,3,4,784,0,TB,CAR,pass,(13:04) (Shotgun) 3-J.Winston sacked at CAR 25 for -7 yards (94-K.Ealy).,true,0.6515331864357,0.546714067459107,-0.10481911897659302,0.6515331864357,0.348466813564301,0.6515331864357,0.348466813564301,-0.104819118976593
2016_17_CLE_PIT,3202,2016,17,REG,4,3,5,499,0,CLE,PIT,pass,(8:19) (Shotgun) 10-R.Griffin sacked at PIT 31 for -8 yards (93-D.McCullers).,true,0.585859656333923,0.458037972450256,-0.127821683883667,0.585859656333923,0.414140343666077,0.414140343666077,0.585859656333923,-0.127821683883667
2016_17_CLE_PIT,3396,2016,17,REG,4,1,10,307,-7,CLE,PIT,pass,(5:07) (Shotgun) 10-R.Griffin sacked at CLE 28 for -4 yards (95-J.Jones).,true,0.171095699071884,0.1387976557016371,-0.03229804337024689,0.171095699071884,0.828904300928116,0.828904300928116,0.171095699071884,-0.0322980433702469
2016_17_CLE_PIT,3538,2016,17,REG,4,3,6,124,0,PIT,CLE,pass,(2:04) (Shotgun) 3-L.Jones sacked at PIT 5 for -10 yards (39-E.Reynolds).,true,0.554491102695465,0.422601759433746,-0.13188934326171897,0.554491102695465,0.445508897304535,0.554491102695465,0.445508897304535,-0.131889343261719
2016_17_DAL_PHI,3306,2016,17,REG,4,1,10,569,4,PHI,DAL,pass,(9:29) (Shotgun) 11-C.Wentz sacked at PHI 17 for -8 yards (94-R.Gregory).,true,0.760260939598084,0.7343295812606817,-0.025931358337402344,0.760260939598084,0.239739060401917,0.760260939598084,0.239739060401917,-0.0259313583374023
2016_17_DAL_PHI,3672,2016,17,REG,4,3,10,125,-7,DAL,PHI,pass,(2:05) (Shotgun) 3-M.Sanchez sacked at DAL 2 for -19 yards (98-C.Barwin).,true,0.0811237841844559,0.0373651310801506,-0.0437586531043053,0.0811237841844559,0.918876215815544,0.918876215815544,0.0811237841844559,-0.0437586531043053
2016_17_HOU_TEN,4016,2016,17,REG,4,3,10,29,-7,HOU,TEN,pass,"(:29) (Shotgun) 17-B.Osweiler sacked at HOU 27 for -6 yards (99-J.Casey). Penalty on HOU-74-C.Clark, Offensive Holding, declined.",true,0.0516749247908592,0.0181737411767244,-0.0335011836141348,0.0516749247908592,0.948325075209141,0.948325075209141,0.0516749247908592,-0.0335011836141348
2016_17_JAX_IND,3234,2016,17,REG,4,3,8,718,0,JAX,IND,pass,"(11:58) (Shotgun) 5-B.Bortles sacked at IND 32 for -8 yards (98-R.Mathis). FUMBLES (98-R.Mathis) [99-T.McGill], RECOVERED by IND-98-R.Mathis at IND 34. 98-R.Mathis to IND 34 for no gain (60-A.Cann). Credit Mathis with a sack for -10 yards.",true,0.556789457798004,0.411976933479309,-0.144812524318695,0.556789457798004,0.443210542201996,0.443210542201996,0.556789457798004,-0.144812524318695
2016_17_JAX_IND,3743,2016,17,REG,4,1,10,205,0,IND,JAX,pass,(3:25) (Run formation) 12-A.Luck sacked at IND 37 for -7 yards (90-M.Jackson).,true,0.611150860786438,0.5531941652297974,-0.057956695556640625,0.611150860786438,0.388849139213562,0.611150860786438,0.388849139213562,-0.0579566955566406
2016_17_JAX_IND,3784,2016,17,REG,4,3,17,160,0,IND,JAX,pass,(2:40) (Shotgun) 12-A.Luck sacked at IND 30 for -7 yards (90-M.Jackson).,true,0.502660393714905,0.4836689829826357,-0.018991410732269287,0.502660393714905,0.497339606285095,0.502660393714905,0.497339606285095,-0.0189914107322693
2016_17_NYG_WAS,3293,2016,17,REG,4,3,6,443,0,NYG,WAS,pass,"(7:23) (No Huddle, Shotgun) 10-E.Manning sacked at NYG 20 for -9 yards (73-C.Jenkins).",true,0.437832146883011,0.34210070967674266,-0.09573143720626831,0.437832146883011,0.562167853116989,0.562167853116989,0.437832146883011,-0.0957314372062683
2016_19_GB_DAL,3132,2016,19,POST,4,3,5,598,8,GB,DAL,pass,(9:58) (Shotgun) 12-A.Rodgers sacked at GB 34 for -10 yards (42-B.Church).,true,0.904728353023529,0.8580045700073242,-0.046723783016204834,0.904728353023529,0.0952716469764709,0.0952716469764709,0.904728353023529,-0.0467237830162048
2016_19_GB_DAL,4044,2016,19,POST,4,1,10,23,0,GB,DAL,pass,(:23) (Shotgun) 12-A.Rodgers sacked at GB 32 for -10 yards (38-J.Heath).,true,0.577765703201294,0.5178324580192566,-0.059933245182037354,0.577765703201294,0.422234296798706,0.422234296798706,0.577765703201294,-0.0599332451820374
2016_19_PIT_KC,2984,2016,19,POST,4,3,8,638,5,PIT,KC,pass,(10:38) (Shotgun) 7-B.Roethlisberger sacked at KC 25 for -6 yards (sack split by 94-J.Jenkins and 55-D.Ford).,true,0.838854670524597,0.7823933362960813,-0.056461334228515625,0.838854670524597,0.161145329475403,0.161145329475403,0.838854670524597,-0.0564613342285156
2016_21_NE_ATL,3671,2016,21,POST,4,2,11,236,8,ATL,NE,pass,(3:56) (Shotgun) 2-M.Ryan sacked at NE 35 for -12 yards (98-T.Flowers).,true,0.960021138191223,0.9542146921157836,-0.005806446075439453,0.960021138191223,0.0399788618087769,0.960021138191223,0.0399788618087769,-0.00580644607543945
